Entity,Count
Bitcoin,22
first,4
Coldcard,3
Bitcoin Core,2
one,2
ETF,2
24,2
2,2
Bitcoin (COIN $BTC) Reaches New,2
52-Week,2
10,2
UTXO,2
LN,1
Nano,1
"Monday, November 27,",1
Frontier,1
Blockchain,1
Trezor,1
Fiat-Dominated World,1
1,1
'1,1
zero,1
over 60 hours,1
5.99,1
two,1
US Debt & Bitcoin,1
1 billion,1
$3 million,1
Money Will Flood” Into Bitcoin,1
Binance’s Changpeng,1
"November 27, 2023",1
Tom Farley,1
Ex-NYSE,1
RFK Jr,1
2024,1
Google,1
Media,1
2023,1
1 million,1
christmas,1
100 million,1
10x,1
"November 26, 2023",1
Trezor Model One,1
Dec 2024,1
140,1
Antminer S19 XP,1
TEDxDAU,1
Jason Lowery,1
The Future of Warfare,1
12,1
ATM,1
2019,1
Binance’s Changpeng Zhao Challenges DoJ’s Travel Restriction,1
EU,1
Cynthia Lummis,1
today,1
125.67,1
U.S,1
DNB,1
Dutch,1
this weekend,1
Macaw,1
Austria,1
Bitcoin Custodial Wallets Are Fine,1
256,1
AGI,1
Sell Business,1
Satoshi,1
10 years ago,1
40X,1
RIP Charlie,1
Jack Kruse,1
Luke Dashjr,1
Cornell University,1
10-Year,1
US,1
Ephesus,1
Izmir,1
Two,1
Turkey,1
Read Along,1
The Article That Inspired Satoshi,1
Cypherpunk Wei Dai,1
Aliens,1
Bob Burnett,1
Giacomo Zucco,1
Jack Dorsey,1
UK,1
Genuine Persona,1
Gary Gensler,1
11 years ago,1
non-KYC,1
KYC,1
Saifedean Fiat,1
the New Superintelligence 'Q*' Pose a Threat to Bitcoin,1
401k,1
the Crypto Machine,1
Spanish,1
Jack Dorsey’s Ocean,1
age 99,1
Charlie Munger,1
From Mining to Mitigation Bitcoin Can Support Renewable Development and Climate Action,1
YouTube,1
half,1
Robert F. Kennedy,1
Italy,1
Bitcoiner,1
Munger,1
Jack Mallers Why Bitcoin,1
The Bitcoin Bull Market Is Back,1
2 Years,1
Into Bitcoin,1
Bybit,1
Coinbase,1
Mempool Accelerator,1
83,1
09.11,1
39,1
32 & Bip,1
SEC,1
Blackrock,1
"November 28, 2023",1
U.S.,1
Binance Founder CZ Stuck,1
Stratum V2,1
Best Bitcoin Security Setup,1
USA BTC,1
8,1
"Bitcoin Is Useless"" Is a Fact",1
Markus Thielen,1
Bitcoin’s Resurgence Fueled by Anticipation of Bitcoin,1
CBDC,1
half a million dollars,1
